instance_id,position,feature,shap_value,decision,is_trap
0,0,bytes_sent,0.21746471740719009,ANOMALY,True
0,1,packet_count,0.17026443874358962,ANOMALY,True
0,2,bytes_received,0.11828335604619164,ANOMALY,True
0,3,destination_port,-0.068039758683030263,ANOMALY,True
0,4,protocol,-0.038740285058214342,ANOMALY,True
1,0,destination_port,0.31943672561370207,ANOMALY,True
1,1,bytes_sent,0.12262152923894791,ANOMALY,True
1,2,protocol,0.073014274551894992,ANOMALY,True
1,3,packet_count,-0.047071039834827043,ANOMALY,True
1,4,duration,0.043149552375101437,ANOMALY,True
2,0,destination_port,0.23134336248704304,ANOMALY,True
2,1,bytes_received,0.17951906781199789,ANOMALY,True
2,2,day_of_week,0.050939761457739874,ANOMALY,True
2,3,bytes_sent,-0.036978803260641048,ANOMALY,True
2,4,hour_of_day,0.01969816656468076,ANOMALY,True
3,0,bytes_sent,0.21881771894354479,ANOMALY,True
3,1,packet_count,0.17075203251421586,ANOMALY,True
3,2,bytes_received,0.11617131595534771,ANOMALY,True
3,3,destination_port,-0.068579922963612108,ANOMALY,True
3,4,protocol,-0.039568337576603274,ANOMALY,True
4,0,bytes_received,0.30188826205032265,ANOMALY,True
4,1,hour_of_day,0.079978800578127757,ANOMALY,True
4,2,bytes_sent,0.051800034662807803,ANOMALY,True
4,3,destination_port,-0.03780693057452799,ANOMALY,True
4,4,duration,0.033138972627586152,ANOMALY,True
5,0,bytes_received,0.22374025434590272,ANOMALY,True
5,1,destination_port,-0.071772906085236024,ANOMALY,True
5,2,hour_of_day,0.06170010255259778,ANOMALY,True
5,3,bytes_sent,0.052879310300024802,ANOMALY,True
5,4,duration,0.048025938331239859,ANOMALY,True
6,0,destination_port,0.32271759837600728,ANOMALY,True
6,1,bytes_sent,0.11496496662700609,ANOMALY,True
6,2,protocol,0.083201412268232036,ANOMALY,True
6,3,packet_count,-0.051535020663158633,ANOMALY,True
6,4,bytes_received,0.043537937667095697,ANOMALY,True
7,0,bytes_sent,0.20082456569329774,ANOMALY,True
7,1,packet_count,0.14875262673823572,ANOMALY,True
7,2,bytes_received,0.12161698729267748,ANOMALY,True
7,3,destination_port,-0.069367274781894001,ANOMALY,True
7,4,day_of_week,0.039891377755873855,ANOMALY,True
8,0,bytes_sent,0.24074195843149132,ANOMALY,True
8,1,packet_count,0.20356247228623514,ANOMALY,True
8,2,bytes_received,0.12262977018150051,ANOMALY,True
8,3,destination_port,-0.070600760974734417,ANOMALY,True
8,4,protocol,-0.030676438961801535,ANOMALY,True
9,0,bytes_sent,0.20811166844924955,ANOMALY,True
9,1,packet_count,0.16537245146545393,ANOMALY,True
9,2,bytes_received,0.13589981080269073,ANOMALY,True
9,3,destination_port,-0.068355420344568429,ANOMALY,True
9,4,hour_of_day,0.030546640385833747,ANOMALY,True
10,0,destination_port,0.29175515561140197,ANOMALY,True
10,1,bytes_sent,0.11387890757510603,ANOMALY,True
10,2,protocol,0.078776170350806876,ANOMALY,True
10,3,packet_count,-0.051135708027363377,ANOMALY,True
10,4,duration,0.041914521493544271,ANOMALY,True
11,0,bytes_received,0.27810573111345632,ANOMALY,True
11,1,day_of_week,0.089200464988707817,ANOMALY,True
11,2,bytes_sent,0.066987380000900196,ANOMALY,True
11,3,destination_port,-0.055957505288479398,ANOMALY,True
11,4,hour_of_day,0.033072707628458389,ANOMALY,True
12,0,destination_port,0.39738796314418534,ANOMALY,True
12,1,protocol,0.10830466904767505,ANOMALY,True
12,2,packet_count,-0.054336061204404859,ANOMALY,True
12,3,duration,0.050215926755730722,ANOMALY,True
12,4,bytes_sent,-0.043332790658823131,ANOMALY,True
13,0,bytes_received,0.27211760989623895,ANOMALY,True
13,1,day_of_week,0.088025536604752874,ANOMALY,True
13,2,duration,0.054868815200429619,ANOMALY,True
13,3,bytes_per_packet,-0.052056555520171202,ANOMALY,True
13,4,destination_port,-0.044568355561434285,ANOMALY,True
14,0,destination_port,0.34009929768418695,ANOMALY,True
14,1,bytes_sent,0.12170376477832419,ANOMALY,True
14,2,protocol,0.081016065028457068,ANOMALY,True
14,3,packet_count,-0.048020957217894837,ANOMALY,True
14,4,bytes_received,0.039979613305717726,ANOMALY,True
15,0,bytes_sent,0.19921067772771123,ANOMALY,True
15,1,packet_count,0.14672531910780143,ANOMALY,True
15,2,bytes_received,0.11903401581568918,ANOMALY,True
15,3,destination_port,-0.075289448522656899,ANOMALY,True
15,4,day_of_week,0.037376496573352097,ANOMALY,True
16,0,bytes_sent,0.22083431933494307,ANOMALY,True
16,1,packet_count,0.1744426771597769,ANOMALY,True
16,2,bytes_received,0.11289660520980548,ANOMALY,True
16,3,destination_port,-0.069646026808855607,ANOMALY,True
16,4,day_of_week,0.037473001618720442,ANOMALY,True
17,0,bytes_sent,0.230888525159434,ANOMALY,True
17,1,packet_count,0.17928358297370628,ANOMALY,True
17,2,bytes_received,0.13567595592922391,ANOMALY,True
17,3,destination_port,-0.069331323553148583,ANOMALY,True
17,4,protocol,-0.036264617543795459,ANOMALY,True
18,0,destination_port,0.30223250979064964,ANOMALY,True
18,1,bytes_sent,0.11817071738272071,ANOMALY,True
18,2,protocol,0.081682579458278975,ANOMALY,True
18,3,packet_count,-0.052223373768919647,ANOMALY,True
18,4,duration,0.027999349492353189,ANOMALY,True
19,0,bytes_sent,0.20991446084058654,ANOMALY,True
19,1,packet_count,0.15592019519746037,ANOMALY,True
19,2,bytes_received,0.1221552663107122,ANOMALY,True
19,3,destination_port,-0.070809514290570058,ANOMALY,True
19,4,day_of_week,0.040788135684642145,ANOMALY,True
20,0,bytes_sent,0.2013969115541257,ANOMALY,True
20,1,packet_count,0.1616820766235014,ANOMALY,True
20,2,bytes_received,0.12631380392128827,ANOMALY,True
20,3,destination_port,-0.071786294591587946,ANOMALY,True
20,4,day_of_week,0.039398714850995373,ANOMALY,True
21,0,destination_port,0.30640699272573596,ANOMALY,True
21,1,packet_count,0.078029063312639702,ANOMALY,True
21,2,protocol,0.06522315379091885,ANOMALY,True
21,3,bytes_sent,-0.039716837021469144,ANOMALY,True
21,4,duration,0.028262219166169025,ANOMALY,True
22,0,destination_port,0.28883765657783517,ANOMALY,True
22,1,bytes_sent,0.095034236185793472,ANOMALY,True
22,2,protocol,0.064508434968865672,ANOMALY,True
22,3,packet_count,-0.05059824061685278,ANOMALY,True
22,4,bytes_received,0.040398296839041004,ANOMALY,True
23,0,bytes_received,0.2835198002020079,ANOMALY,True
23,1,day_of_week,0.091444340909343419,ANOMALY,True
23,2,bytes_sent,0.065846101481320737,ANOMALY,True
23,3,destination_port,-0.047847804262791532,ANOMALY,True
23,4,duration,0.045749354186009374,ANOMALY,True
24,0,destination_port,0.38167922074915767,ANOMALY,True
24,1,protocol,0.083893928451223357,ANOMALY,True
24,2,packet_count,-0.052604219763380124,ANOMALY,True
24,3,bytes_received,0.05073304114543218,ANOMALY,True
24,4,duration,0.046170285657830414,ANOMALY,True
25,0,bytes_sent,0.21381328011545453,ANOMALY,True
25,1,packet_count,0.17179295837468478,ANOMALY,True
25,2,bytes_received,0.12278861361049713,ANOMALY,True
25,3,destination_port,-0.069864365480695856,ANOMALY,True
25,4,protocol,-0.039889006661240872,ANOMALY,True
26,0,destination_port,0.33377138216192165,ANOMALY,True
26,1,bytes_sent,0.12543363938711247,ANOMALY,True
26,2,protocol,0.10435121576601927,ANOMALY,True
26,3,packet_count,-0.054015761268373819,ANOMALY,True
26,4,duration,-0.037680726896627117,ANOMALY,True
27,0,bytes_received,0.25271394550133985,ANOMALY,True
27,1,destination_port,-0.13615691431350335,ANOMALY,True
27,2,day_of_week,0.091919814683636081,ANOMALY,True
27,3,duration,0.044393927586272738,ANOMALY,True
27,4,hour_of_day,0.042221818093488954,ANOMALY,True
28,0,bytes_sent,0.22210109032423062,ANOMALY,True
28,1,packet_count,0.17602072476738467,ANOMALY,True
28,2,bytes_received,0.12133093030733352,ANOMALY,True
28,3,destination_port,-0.070923280294303642,ANOMALY,True
28,4,day_of_week,0.037564942418955333,ANOMALY,True
29,0,bytes_sent,0.2201746799294477,ANOMALY,True
29,1,packet_count,0.17112946986282257,ANOMALY,True
29,2,bytes_received,0.11828839330263391,ANOMALY,True
29,3,destination_port,-0.070222401984048693,ANOMALY,True
29,4,protocol,-0.039639497383157772,ANOMALY,True
30,0,destination_port,0.31427523149151093,ANOMALY,True
30,1,packet_count,0.086101721740165588,ANOMALY,True
30,2,protocol,0.080731647796609851,ANOMALY,True
30,3,bytes_sent,-0.0425902121984311,ANOMALY,True
30,4,duration,0.028268422439867796,ANOMALY,True
31,0,destination_port,0.1905589323633361,ANOMALY,True
31,1,bytes_received,0.18686860723470161,ANOMALY,True
31,2,day_of_week,0.057487053608130827,ANOMALY,True
31,3,packet_count,-0.034943860820029593,ANOMALY,True
31,4,hour_of_day,0.019448893670821903,ANOMALY,True
32,0,destination_port,0.43212334081221393,ANOMALY,True
32,1,protocol,0.10492625676084744,ANOMALY,True
32,2,packet_count,-0.056127078342366785,ANOMALY,True
32,3,bytes_sent,-0.045471972010416181,ANOMALY,True
32,4,duration,0.037201312341506095,ANOMALY,True
33,0,bytes_sent,0.21754405774646959,ANOMALY,True
33,1,packet_count,0.16943612098234773,ANOMALY,True
33,2,bytes_received,0.11984476380856308,ANOMALY,True
33,3,destination_port,-0.069278076080997189,ANOMALY,True
33,4,protocol,-0.038667120287085285,ANOMALY,True
34,0,destination_port,0.30560280390019723,ANOMALY,True
34,1,bytes_sent,0.11812899983461471,ANOMALY,True
34,2,protocol,0.091878417845678628,ANOMALY,True
34,3,packet_count,-0.048880150684916628,ANOMALY,True
34,4,bytes_received,0.04767544468807626,ANOMALY,True
35,0,bytes_sent,0.21994428246874739,ANOMALY,True
35,1,packet_count,0.17158079524332376,ANOMALY,True
35,2,bytes_received,0.1180405148056564,ANOMALY,True
35,3,destination_port,-0.072065793880524587,ANOMALY,True
35,4,day_of_week,0.038310594527442121,ANOMALY,True
36,0,destination_port,0.33516667624101532,ANOMALY,True
36,1,protocol,0.075832463312619558,ANOMALY,True
36,2,packet_count,0.065970156856959519,ANOMALY,True
36,3,bytes_sent,-0.043623175324874357,ANOMALY,True
36,4,duration,0.034291128386662088,ANOMALY,True
37,0,bytes_received,0.28363421329631833,ANOMALY,True
37,1,day_of_week,0.092469067785172901,ANOMALY,True
37,2,bytes_sent,0.062765837182147205,ANOMALY,True
37,3,destination_port,-0.04790103318677761,ANOMALY,True
37,4,duration,0.034209692120558688,ANOMALY,True
38,0,destination_port,0.33125864875458577,ANOMALY,True
38,1,protocol,0.064839796503907213,ANOMALY,True
38,2,packet_count,0.048375911499130279,ANOMALY,True
38,3,bytes_sent,-0.041330456207257386,ANOMALY,True
38,4,duration,0.037531070060191428,ANOMALY,True
39,0,bytes_sent,0.21916714685769287,ANOMALY,True
39,1,packet_count,0.17152808995545835,ANOMALY,True
39,2,bytes_received,0.12102117620085844,ANOMALY,True
39,3,destination_port,-0.071289161752428845,ANOMALY,True
39,4,day_of_week,0.038719709537423104,ANOMALY,True
40,0,bytes_sent,0.23724552821948344,ANOMALY,True
40,1,packet_count,0.17945589036925338,ANOMALY,True
40,2,bytes_received,0.12482425799855815,ANOMALY,True
40,3,destination_port,-0.069314695149323743,ANOMALY,True
40,4,protocol,-0.03355050842214017,ANOMALY,True
41,0,bytes_sent,0.20703184388153703,ANOMALY,True
41,1,packet_count,0.15597063370821146,ANOMALY,True
41,2,bytes_received,0.12406182378555236,ANOMALY,True
41,3,destination_port,-0.070345241442120746,ANOMALY,True
41,4,day_of_week,0.040463270671302266,ANOMALY,True
42,0,destination_port,0.31261530401803767,ANOMALY,True
42,1,packet_count,0.087541754180916781,ANOMALY,True
42,2,protocol,0.072265143029871706,ANOMALY,True
42,3,bytes_sent,-0.043960855262956046,ANOMALY,True
42,4,duration,0.042964471355672933,ANOMALY,True
43,0,bytes_received,0.27910005209158323,ANOMALY,True
43,1,day_of_week,0.085161107845537765,ANOMALY,True
43,2,bytes_sent,0.052870446522805259,ANOMALY,True
43,3,destination_port,-0.048555146260612317,ANOMALY,True
43,4,duration,0.046183350107417039,ANOMALY,True
44,0,bytes_sent,0.24584806155895883,ANOMALY,True
44,1,packet_count,0.19708740608714295,ANOMALY,True
44,2,bytes_received,0.12096228576842494,ANOMALY,True
44,3,destination_port,-0.071656214386790013,ANOMALY,True
44,4,protocol,-0.03041073099247301,ANOMALY,True
45,0,destination_port,0.31066945812975194,ANOMALY,True
45,1,bytes_sent,0.10792711439333813,ANOMALY,True
45,2,protocol,0.060263811508232977,ANOMALY,True
45,3,packet_count,-0.044025721690316988,ANOMALY,True
45,4,duration,0.037271603579858884,ANOMALY,True
46,0,destination_port,0.36620165828716239,ANOMALY,True
46,1,packet_count,0.090274321258276252,ANOMALY,True
46,2,protocol,0.083622317267498816,ANOMALY,True
46,3,duration,-0.042248001299505553,ANOMALY,True
46,4,bytes_sent,-0.042163248398576381,ANOMALY,True
47,0,bytes_sent,0.23732143566860395,ANOMALY,True
47,1,packet_count,0.18577882484443081,ANOMALY,True
47,2,bytes_received,0.12948168154416834,ANOMALY,True
47,3,destination_port,-0.069076678260491686,ANOMALY,True
47,4,protocol,-0.03608531694708899,ANOMALY,True
48,0,bytes_sent,0.20726109330434073,ANOMALY,True
48,1,packet_count,0.15574119229051919,ANOMALY,True
48,2,bytes_received,0.11627921155438162,ANOMALY,True
48,3,destination_port,-0.070699941051626691,ANOMALY,True
48,4,day_of_week,0.040503764313673973,ANOMALY,True
49,0,bytes_received,0.28178728744185366,ANOMALY,True
49,1,day_of_week,0.081270435716086387,ANOMALY,True
49,2,bytes_sent,0.058940781991540347,ANOMALY,True
49,3,destination_port,-0.047865407548989984,ANOMALY,True
49,4,hour_of_day,0.029725634417696267,ANOMALY,True
50,0,destination_port,-0.13116950186060999,NORMAL,True
50,1,bytes_sent,-0.10553108798344375,NORMAL,True
50,2,packet_count,-0.097509227179328917,NORMAL,True
50,3,duration,-0.065823171495070262,NORMAL,True
50,4,bytes_received,-0.041984804486682327,NORMAL,True
51,0,bytes_sent,-0.14675183960619678,NORMAL,True
51,1,destination_port,-0.13326242260322949,NORMAL,True
51,2,packet_count,-0.12814797725638796,NORMAL,True
51,3,duration,-0.10701882771541907,NORMAL,True
51,4,bytes_received,0.069770633039597865,NORMAL,True
52,0,destination_port,-0.13380311899279662,NORMAL,True
52,1,bytes_sent,-0.097279622019010775,NORMAL,True
52,2,packet_count,-0.091469852598597551,NORMAL,True
52,3,duration,-0.060219888575242089,NORMAL,True
52,4,bytes_received,-0.047582751586545131,NORMAL,True
53,0,destination_port,-0.12406089701732601,NORMAL,True
53,1,bytes_sent,-0.10559950480463962,NORMAL,True
53,2,packet_count,-0.099959859604670992,NORMAL,True
53,3,duration,-0.056968263072692316,NORMAL,True
53,4,bytes_received,-0.056883979889217028,NORMAL,True
54,0,destination_port,-0.13346978484625555,NORMAL,True
54,1,bytes_sent,-0.10978934509493977,NORMAL,True
54,2,packet_count,-0.068141688413526802,NORMAL,True
54,3,bytes_received,-0.060488063858265086,NORMAL,True
54,4,protocol,-0.032819650220909567,NORMAL,True
55,0,bytes_sent,-0.20190054962351803,NORMAL,True
55,1,destination_port,-0.18220998024999649,NORMAL,True
55,2,bytes_received,0.086235780987753197,NORMAL,True
55,3,hour_of_day,-0.086064254077239971,NORMAL,True
55,4,packet_count,-0.068896637232876326,NORMAL,True
56,0,bytes_sent,-0.19795162479119097,NORMAL,True
56,1,destination_port,-0.12681745703583311,NORMAL,True
56,2,bytes_received,0.077028519701530657,NORMAL,True
56,3,bytes_per_packet,-0.071778118104746935,NORMAL,True
56,4,packet_count,-0.066768491709551306,NORMAL,True
57,0,destination_port,-0.18512898152918658,NORMAL,True
57,1,duration,-0.17652028847434539,NORMAL,True
57,2,bytes_received,0.084235696975619473,NORMAL,True
57,3,hour_of_day,-0.060027700179833103,NORMAL,True
57,4,packet_count,-0.053907255259499069,NORMAL,True
58,0,destination_port,-0.14170131632606414,NORMAL,True
58,1,bytes_sent,-0.098919124221907115,NORMAL,True
58,2,packet_count,-0.091005273332262118,NORMAL,True
58,3,duration,-0.060038816054298644,NORMAL,True
58,4,bytes_received,-0.045639247942434527,NORMAL,True
59,0,destination_port,-0.14720961339395758,NORMAL,True
59,1,bytes_sent,-0.13150850042084519,NORMAL,True
59,2,packet_count,-0.11911872901981255,NORMAL,True
59,3,duration,-0.090500547028385753,NORMAL,True
59,4,bytes_received,0.05344260348839984,NORMAL,True
60,0,destination_port,-0.14693660157061791,NORMAL,True
60,1,bytes_sent,-0.098154893363397264,NORMAL,True
60,2,packet_count,-0.092334329206087015,NORMAL,True
60,3,duration,-0.058193076465183256,NORMAL,True
60,4,bytes_received,-0.037746882359563888,NORMAL,True
61,0,destination_port,-0.1520112712791481,NORMAL,True
61,1,duration,-0.087221454771044621,NORMAL,True
61,2,bytes_received,-0.075760327317551626,NORMAL,True
61,3,packet_count,-0.060364781027716884,NORMAL,True
61,4,protocol,-0.048428780895781759,NORMAL,True
62,0,destination_port,-0.15352981443932673,NORMAL,True
62,1,bytes_received,-0.13764478292654378,NORMAL,True
62,2,duration,-0.10023260168293383,NORMAL,True
62,3,packet_count,-0.069464448300118872,NORMAL,True
62,4,bytes_sent,-0.049608562121430215,NORMAL,True
63,0,destination_port,-0.14029688087204739,NORMAL,True
63,1,bytes_sent,-0.10634066998534419,NORMAL,True
63,2,packet_count,-0.068529802209655266,NORMAL,True
63,3,duration,-0.064676590001898376,NORMAL,True
63,4,bytes_received,-0.044559958034806342,NORMAL,True
64,0,destination_port,-0.12542880122453015,NORMAL,True
64,1,bytes_received,-0.11663269213118707,NORMAL,True
64,2,duration,-0.1112520412534987,NORMAL,True
64,3,packet_count,-0.059907031125955905,NORMAL,True
64,4,bytes_sent,-0.058675887679785085,NORMAL,True
65,0,destination_port,-0.13487613170197563,NORMAL,True
65,1,bytes_sent,-0.098318240453759961,NORMAL,True
65,2,packet_count,-0.089981881589821955,NORMAL,True
65,3,duration,-0.059081534502224635,NORMAL,True
65,4,bytes_received,-0.045378445237100967,NORMAL,True
66,0,destination_port,-0.1505001101710281,NORMAL,True
66,1,bytes_sent,-0.12385189212265527,NORMAL,True
66,2,duration,-0.080580333782287752,NORMAL,True
66,3,packet_count,-0.070491937673086855,NORMAL,True
66,4,bytes_received,0.050228548625647219,NORMAL,True
67,0,destination_port,-0.13479831121382627,NORMAL,True
67,1,bytes_sent,-0.10430108609179745,NORMAL,True
67,2,packet_count,-0.065825916419287922,NORMAL,True
67,3,duration,-0.063846358685193949,NORMAL,True
67,4,bytes_received,-0.051447515332511108,NORMAL,True
68,0,destination_port,-0.13807660132471417,NORMAL,True
68,1,duration,-0.086505228610006299,NORMAL,True
68,2,bytes_received,-0.080429828006139931,NORMAL,True
68,3,packet_count,-0.063413195809781928,NORMAL,True
68,4,bytes_sent,-0.061945248120148032,NORMAL,True
69,0,destination_port,-0.13591132917224996,NORMAL,True
69,1,packet_count,-0.10725136483034055,NORMAL,True
69,2,bytes_received,-0.076263390882845242,NORMAL,True
69,3,bytes_sent,-0.059288165796389437,NORMAL,True
69,4,hour_of_day,-0.043824158717863243,NORMAL,True
70,0,destination_port,-0.15715874420529344,NORMAL,True
70,1,bytes_received,-0.13817288048463597,NORMAL,True
70,2,packet_count,-0.058885487153411728,NORMAL,True
70,3,hour_of_day,-0.055695626008526795,NORMAL,True
70,4,bytes_sent,-0.046618785384743643,NORMAL,True
71,0,destination_port,-0.13330176067800489,NORMAL,True
71,1,bytes_sent,-0.1114134717406505,NORMAL,True
71,2,packet_count,-0.10031420704915686,NORMAL,True
71,3,bytes_received,-0.065124320219388118,NORMAL,True
71,4,hour_of_day,-0.031383135486313593,NORMAL,True
72,0,destination_port,-0.12273666878032809,NORMAL,True
72,1,bytes_sent,-0.11035004803215437,NORMAL,True
72,2,duration,-0.068696310773085731,NORMAL,True
72,3,packet_count,-0.067266999701302968,NORMAL,True
72,4,bytes_received,-0.059446469735006932,NORMAL,True
73,0,destination_port,-0.16054277488030458,NORMAL,True
73,1,bytes_sent,-0.11814316569827758,NORMAL,True
73,2,duration,-0.078778326971454635,NORMAL,True
73,3,packet_count,-0.069404126238208547,NORMAL,True
73,4,bytes_received,0.050473169891205316,NORMAL,True
74,0,destination_port,-0.13433952516667438,NORMAL,True
74,1,bytes_sent,-0.098591732844845487,NORMAL,True
74,2,packet_count,-0.065964016554019192,NORMAL,True
74,3,duration,-0.05919583704788161,NORMAL,True
74,4,bytes_received,-0.046339861479944934,NORMAL,True
75,0,destination_port,-0.12140885791775914,NORMAL,True
75,1,packet_count,-0.11737930918436361,NORMAL,True
75,2,bytes_received,-0.089154094436478232,NORMAL,True
75,3,bytes_sent,-0.057833456959353935,NORMAL,True
75,4,hour_of_day,-0.042648281700059409,NORMAL,True
76,0,destination_port,-0.1337155036213489,NORMAL,True
76,1,bytes_sent,-0.10812637341537862,NORMAL,True
76,2,packet_count,-0.096110788215369364,NORMAL,True
76,3,bytes_received,-0.060133683545710609,NORMAL,True
76,4,hour_of_day,-0.033548609396940578,NORMAL,True
77,0,destination_port,-0.13792972465869899,NORMAL,True
77,1,packet_count,-0.10968573071891304,NORMAL,True
77,2,bytes_received,-0.078331073493985048,NORMAL,True
77,3,bytes_sent,-0.062552268754593826,NORMAL,True
77,4,hour_of_day,-0.043381652367065114,NORMAL,True
78,0,destination_port,-0.13740189212944198,NORMAL,True
78,1,bytes_sent,-0.10137144761394522,NORMAL,True
78,2,packet_count,-0.091334839450501137,NORMAL,True
78,3,duration,-0.060375582776018351,NORMAL,True
78,4,bytes_received,-0.037405488017365082,NORMAL,True
79,0,destination_port,-0.13469012958670901,NORMAL,True
79,1,bytes_sent,-0.10141041130829935,NORMAL,True
79,2,packet_count,-0.068440196403297765,NORMAL,True
79,3,duration,-0.060054415001240299,NORMAL,True
79,4,bytes_received,-0.048022236722588367,NORMAL,True
80,0,bytes_sent,-0.1534750530513426,NORMAL,True
80,1,destination_port,-0.14657326504954424,NORMAL,True
80,2,packet_count,-0.12848593983110568,NORMAL,True
80,3,bytes_received,0.066435782703955976,NORMAL,True
80,4,hour_of_day,-0.06289105779803203,NORMAL,True
81,0,destination_port,-0.15281206101504755,NORMAL,True
81,1,bytes_sent,-0.12131457768171797,NORMAL,True
81,2,packet_count,-0.079704240768220677,NORMAL,True
81,3,duration,-0.07038618868441783,NORMAL,True
81,4,bytes_received,-0.064872817811176833,NORMAL,True
82,0,destination_port,-0.14214315649314888,NORMAL,True
82,1,bytes_sent,-0.10352443461815931,NORMAL,True
82,2,packet_count,-0.067756420403968454,NORMAL,True
82,3,duration,-0.061322031033155096,NORMAL,True
82,4,bytes_received,-0.050918778820341778,NORMAL,True
83,0,destination_port,-0.14138127451461743,NORMAL,True
83,1,bytes_sent,-0.099161692994568534,NORMAL,True
83,2,packet_count,-0.067007872686636633,NORMAL,True
83,3,duration,-0.056361301556863218,NORMAL,True
83,4,bytes_received,-0.046319648613374738,NORMAL,True
84,0,destination_port,-0.1209785274140471,NORMAL,True
84,1,packet_count,-0.10724944430193105,NORMAL,True
84,2,duration,-0.075388911821497512,NORMAL,True
84,3,bytes_received,-0.069747281281134596,NORMAL,True
84,4,bytes_sent,-0.05756985165205248,NORMAL,True
85,0,destination_port,-0.13424880647380338,NORMAL,True
85,1,bytes_sent,-0.10030311161037278,NORMAL,True
85,2,packet_count,-0.066510973916021746,NORMAL,True
85,3,duration,-0.060670739912560619,NORMAL,True
85,4,bytes_received,-0.04703625375970158,NORMAL,True
86,0,destination_port,-0.14641502910014662,NORMAL,True
86,1,bytes_sent,-0.13070433119667682,NORMAL,True
86,2,packet_count,-0.12120447063017822,NORMAL,True
86,3,duration,-0.091308153929784364,NORMAL,True
86,4,bytes_received,0.055222011337808588,NORMAL,True
87,0,bytes_sent,-0.15942404338453997,NORMAL,True
87,1,destination_port,-0.1324976599403325,NORMAL,True
87,2,duration,-0.11596818144887326,NORMAL,True
87,3,packet_count,-0.073199138100229738,NORMAL,True
87,4,bytes_received,0.066090710077890663,NORMAL,True
88,0,destination_port,-0.13351593086141503,NORMAL,True
88,1,bytes_sent,-0.10821156759633151,NORMAL,True
88,2,packet_count,-0.096862711462079185,NORMAL,True
88,3,bytes_received,-0.059357080392127559,NORMAL,True
88,4,hour_of_day,-0.033519327983778199,NORMAL,True
89,0,destination_port,-0.13345062346665218,NORMAL,True
89,1,bytes_sent,-0.10950307882552801,NORMAL,True
89,2,packet_count,-0.067006776728728915,NORMAL,True
89,3,bytes_received,-0.06206520104599289,NORMAL,True
89,4,hour_of_day,-0.032497983396207325,NORMAL,True
90,0,destination_port,-0.14353378496111049,NORMAL,True
90,1,packet_count,-0.11671133868606283,NORMAL,True
90,2,bytes_sent,-0.10805589516599441,NORMAL,True
90,3,duration,-0.082477471974400501,NORMAL,True
90,4,bytes_received,-0.070781384657133406,NORMAL,True
91,0,destination_port,-0.1434506258547314,NORMAL,True
91,1,packet_count,-0.10031710005362451,NORMAL,True
91,2,duration,-0.071222822102804381,NORMAL,True
91,3,bytes_received,-0.060614758737593581,NORMAL,True
91,4,bytes_sent,-0.060198458384290186,NORMAL,True
92,0,destination_port,-0.13370409849054415,NORMAL,True
92,1,bytes_sent,-0.1017025413567514,NORMAL,True
92,2,packet_count,-0.095122172757205969,NORMAL,True
92,3,duration,-0.064116238474340739,NORMAL,True
92,4,bytes_received,-0.050779729170433122,NORMAL,True
93,0,destination_port,-0.15513335342853374,NORMAL,True
93,1,bytes_sent,-0.11780337626987773,NORMAL,True
93,2,duration,-0.071087097057246487,NORMAL,True
93,3,packet_count,-0.065949794325331532,NORMAL,True
93,4,bytes_received,-0.049851987246779403,NORMAL,True
94,0,destination_port,-0.15871961222394959,NORMAL,True
94,1,bytes_sent,-0.11847864530139585,NORMAL,True
94,2,packet_count,-0.11167253394487589,NORMAL,True
94,3,duration,-0.083851649280402285,NORMAL,True
94,4,bytes_received,0.055022738585119683,NORMAL,True
95,0,destination_port,-0.13512573116120877,NORMAL,True
95,1,bytes_sent,-0.11404043329861129,NORMAL,True
95,2,bytes_received,-0.06750233310098086,NORMAL,True
95,3,packet_count,-0.066679048708890548,NORMAL,True
95,4,hour_of_day,-0.033594838884001103,NORMAL,True
96,0,destination_port,-0.14208947907557404,NORMAL,True
96,1,bytes_sent,-0.10297652922469326,NORMAL,True
96,2,packet_count,-0.065707039773629961,NORMAL,True
96,3,duration,-0.061899634477287996,NORMAL,True
96,4,bytes_received,-0.049479682631048287,NORMAL,True
97,0,destination_port,-0.15161989365436854,NORMAL,True
97,1,bytes_sent,-0.13919136822662087,NORMAL,True
97,2,duration,-0.09663546542956071,NORMAL,True
97,3,packet_count,-0.067021510444747273,NORMAL,True
97,4,bytes_received,0.060375565151949161,NORMAL,True
98,0,destination_port,-0.13327063836546776,NORMAL,True
98,1,bytes_sent,-0.10350073561221644,NORMAL,True
98,2,packet_count,-0.088726919877102767,NORMAL,True
98,3,duration,-0.063576099212051859,NORMAL,True
98,4,bytes_received,-0.053154151152486076,NORMAL,True
99,0,destination_port,-0.14558689276432857,NORMAL,True
99,1,bytes_sent,-0.13630585874876511,NORMAL,True
99,2,packet_count,-0.11968696580098921,NORMAL,True
99,3,duration,-0.092278707057903891,NORMAL,True
99,4,bytes_received,0.056107807221229808,NORMAL,True
